{
  "view/ObjectNotFound.view.xml": 1702352424000,
  "controller/NotFound.controller.js": 1702352424000,
  "model/models.js": 1702352424000,
  "model/formatter.js": 1702352424000,
  "controller/Worklist.controller.js": 1702352424000,
  "controller/Object.controller.js": 1702352424000,
  "manifest.json": 1702881107370,
  "controller/ErrorHandler.js": 1702352424000,
  "controller/BaseController.js": 1702352424000,
  "controller/App.controller.js": 1702352424000,
  "Component.js": 1702352424000,
  "Component-preload.js": 1702881110661,
  "controller/Worklist-dbg.controller.js": 1702352424000,
  "model/formatter-dbg.js": 1702352424000,
  "model/models-dbg.js": 1702352424000,
  "controller/Object-dbg.controller.js": 1702352424000,
  "controller/NotFound-dbg.controller.js": 1702352424000,
  "controller/ErrorHandler-dbg.js": 1702352424000,
  "controller/BaseController-dbg.js": 1702352424000,
  "controller/App-dbg.controller.js": 1702352424000,
  "Component-dbg.js": 1702352424000,
  "view/Worklist.view.xml": 1702353640000,
  "i18n/i18n.properties": 1702352424000,
  "view/Object.view.xml": 1702353758000,
  "view/NotFound.view.xml": 1702352424000,
  "view/App.view.xml": 1702352424000,
  "index.html": 1702352424000
}